{
  "logreg": {
    "0": {
      "precision": 0.8216970998925887,
      "recall": 0.7103064066852368,
      "f1-score": 0.7619521912350598,
      "support": 1077.0
    },
    "1": {
      "precision": 0.45166959578207383,
      "recall": 0.607565011820331,
      "f1-score": 0.5181451612903226,
      "support": 423.0
    },
    "accuracy": 0.6813333333333333,
    "macro avg": {
      "precision": 0.6366833478373313,
      "recall": 0.6589357092527839,
      "f1-score": 0.6400486762626911,
      "support": 1500.0
    },
    "weighted avg": {
      "precision": 0.7173493437334235,
      "recall": 0.6813333333333333,
      "f1-score": 0.6931986087906439,
      "support": 1500.0
    },
    "auc": 0.753926391276003
  },
  "random_forest": {
    "0": {
      "precision": 0.7723880597014925,
      "recall": 0.9610027855153204,
      "f1-score": 0.8564335953661564,
      "support": 1077.0
    },
    "1": {
      "precision": 0.7375,
      "recall": 0.2789598108747045,
      "f1-score": 0.40480274442538594,
      "support": 423.0
    },
    "accuracy": 0.7686666666666667,
    "macro avg": {
      "precision": 0.7549440298507463,
      "recall": 0.6199812981950125,
      "f1-score": 0.6306181698957711,
      "support": 1500.0
    },
    "weighted avg": {
      "precision": 0.7625496268656716,
      "recall": 0.7686666666666667,
      "f1-score": 0.7290736954008591,
      "support": 1500.0
    },
    "auc": 0.7601142302736567
  }
}